{"Adelaide": "Australia/Adelaide", "Auckland": "Pacific/Auckland", "Bathurst": "Australia/Sydney", "Brisbane": "Australia/Brisbane", "Cairns": "Australia/Brisbane", "Canberra": "Australia/Sydney", "Castleford": "Europe/London", "Central Coast": "Australia/Sydney", "Christchurch": "Pacific/Auckland", "Darwin": "Australia/Darwin", "Dunedin": "Pacific/Auckland", "Gold Coast": "Australia/Brisbane", "Gosford": "Australia/Sydney", "Hamilton": "Pacific/Auckland", "Mackay": "Australia/Brisbane", "Melbourne": "Australia/Melbourne", "Mudgee": "Australia/Sydney", "Napier": "Pacific/Auckland", "Newcastle": "Australia/Sydney", "New Plymouth": "Pacific/Auckland", "Penrith": "Australia/Sydney", "Perth": "Australia/Perth", "Sydney": "Australia/Sydney", "Taupo": "Pacific/Auckland", "Townsville": "Australia/Brisbane", "Wellington": "Pacific/Auckland", "Wollongong": "Australia/Sydney", "Woollongong": "Australia/Sydney", "Albury": "Australia/Sydney", "Toowoomba": "Australia/Brisbane", "Gladstone": "Australia/Brisbane", "Tamworth": "Australia/Brisbane", "Sunshine Coast": "Australia/Brisbane", "Wagga Wagga": "Australia/Sydney", "Dubbo": "Australia/Sydney", "Coffs Harbour": "Australia/Sydney", "Redcliffe": "Australia/Brisbane", "Rockhampton": "Australia/Brisbane", "Bundaberg": "Australia/Brisbane", "Las Vegas": "America/Los_Angeles"}
